ts_code,name,industry,pe_ttm,pe_pct,rev_avg,profit_avg,deducted_avg,peg
000089.SZ,深圳机场,机场,22.3753,14.8,25.9729,55.174566666666664,144.51666666666668,0.41
000423.SZ,东阿阿胶,中成药,19.755,14.3,17.020133333333334,31.499966666666666,33.830000000000005,0.63
000426.SZ,兴业银锡,铅锌,21.1674,23.4,40.995666666666665,175.54536666666664,157.48333333333335,0.12
000682.SZ,东方电子,电气设备,15.6409,1.3,15.381233333333332,27.719833333333337,30.49333333333333,0.56
000791.SZ,甘肃能源,水力发电,12.2884,21.0,19.3648,45.89816666666667,99.17999999999999,0.27
000888.SZ,峨眉山A,旅游景点,23.4595,4.2,43.817,84.36353333333332,82.24666666666667,0.28
000899.SZ,赣能股份,火力发电,10.4421,5.8,25.214166666666667,1528.2456333333332,513.8333333333334,0.01
000951.SZ,中国重汽,汽车整车,14.9894,43.6,27.0887,151.68593333333334,169.61999999999998,0.1
000957.SZ,中通客车,汽车整车,16.0687,4.5,32.6802,186.80793333333335,138.96666666666667,0.09
000975.SZ,山金国际,黄金,17.6546,4.5,30.057366666666667,38.7035,43.693333333333335,0.46
001283.SZ,豪鹏科技,电气设备,26.0492,15.4,18.956733333333332,45.19140000000001,29.88333333333333,0.58
001288.SZ,运机集团,专用机械,28.5068,38.3,25.76103333333333,32.2672,9.016666666666666,0.88
001309.SZ,德明利,半导体,21.3324,4.3,114.65253333333332,445.23019999999997,691.3233333333334,0.05
001337.SZ,四川黄金,黄金,26.5039,4.1,21.275166666666667,41.008966666666666,44.32666666666666,0.65
002074.SZ,国轩高科,电气设备,22.4898,10.7,25.478033333333332,109.10916666666667,104.30000000000001,0.21
002140.SZ,东华科技,建筑工程,11.4782,1.6,17.2034,22.775800000000004,13.003333333333336,0.5
002150.SZ,正泰电源,机械基件,26.2914,34.8,34.838499999999996,70.01270000000001,66.51333333333334,0.38
002155.SZ,湖南黄金,黄金,20.5681,1.4,36.824333333333335,53.35176666666666,56.776666666666664,0.39
002170.SZ,芭田股份,农药化肥,11.1161,3.2,22.787233333333333,98.18116666666667,126.27666666666666,0.11
002273.SZ,水晶光电,元器件,29.3506,24.9,16.683133333333334,29.854966666666666,31.613333333333333,0.98
002448.SZ,中原内配,汽车配件,13.8737,23.0,19.5004,50.7106,59.49333333333333,0.27
002468.SZ,申通快递,仓储物流,13.5649,3.6,18.2155,85.0871,82.21000000000001,0.16
002602.SZ,世纪华通,互联网,15.8851,12.4,51.19486666666666,200.42976666666667,213.20666666666668,0.08
002606.SZ,大连电瓷,电气设备,26.0674,41.1,22.2439,77.53766666666668,141.61666666666665,0.34
002668.SZ,TCL智家,家用电器,10.1862,26.7,17.34436666666667,36.38706666666666,39.873333333333335,0.28
002701.SZ,奥瑞金,广告包装,14.7167,45.7,24.285233333333334,22.1527,10.15,0.66
002703.SZ,浙江世宝,汽车配件,69.0225,22.6,37.01166666666666,167.37096666666667,297.3533333333333,0.41
002708.SZ,光洋股份,汽车配件,51.0938,13.0,22.276566666666668,97.21506666666666,99.23,0.53
002716.SZ,湖南白银,小金属,48.2256,31.9,54.296699999999994,103.2759,126.21,0.47
002779.SZ,中坚科技,农用机械,66.7104,11.4,26.871466666666667,92.31853333333333,28.126666666666665,0.72
002782.SZ,可立克,元器件,26.3183,5.4,20.424166666666668,44.85243333333333,16.34,0.59
002827.SZ,高争民爆,化工原料,50.4895,37.4,17.956233333333333,56.05133333333333,69.27999999999999,0.9
002847.SZ,盐津铺子,食品,17.5514,2.6,26.58276666666666,37.08016666666666,39.32333333333333,0.47
002891.SZ,中宠股份,饲料,30.8657,22.7,17.155833333333334,60.576699999999995,70.07666666666667,0.51
002901.SZ,大博医疗,医疗保健,27.8118,16.1,22.662633333333332,178.976,861.18,0.16
002906.SZ,华阳集团,汽车配件,16.8171,2.0,32.45653333333333,27.433899999999998,28.72333333333333,0.61
002920.SZ,德赛西威,汽车配件,23.6516,3.1,30.219000000000005,27.523600000000002,32.693333333333335,0.86
002928.SZ,华夏航空,空运,12.5189,3.4,45.4094,104.15383333333334,200.87666666666667,0.12
002947.SZ,恒铭达,元器件,23.3934,34.9,23.05173333333333,41.42823333333334,40.276666666666664,0.56
002970.SZ,锐明技术,IT设备,26.8824,20.5,25.142666666666667,128.6617,129.67333333333335,0.21
002997.SZ,瑞鹄模具,汽车配件,13.7815,1.2,41.89706666666667,43.1638,57.10333333333333,0.32
003010.SZ,若羽臣,互联网,34.6397,29.4,45.28643333333334,79.84416666666667,81.68,0.43
300001.SZ,特锐德,电气设备,29.6284,22.4,16.4614,67.55823333333332,98.12333333333333,0.44
300008.SZ,天海防务,船舶,31.4845,2.0,18.684100000000004,41.71606666666667,39.05,0.75
300035.SZ,中科电气,电气设备,23.8105,6.2,19.600833333333334,197.7041,72.13,0.12
300113.SZ,顺网科技,互联网,28.5758,2.6,16.90523333333333,85.3895,70.83666666666666,0.33
300139.SZ,晓程科技,黄金,58.4159,14.4,58.502633333333335,232.03483333333335,196.65333333333334,0.25
300144.SZ,宋城演艺,旅游景点,21.0665,3.8,113.21480000000001,300.64743333333337,417.01,0.07
300181.SZ,佐力药业,中成药,15.551,3.9,19.4249,32.4394,32.876666666666665,0.48
300304.SZ,云意电气,汽车配件,20.7659,41.0,22.84176666666667,26.459999999999997,30.913333333333338,0.78
300415.SZ,伊之密,专用机械,14.0568,7.7,18.125200000000003,20.552433333333337,23.666666666666668,0.68
300444.SZ,双杰电气,电气设备,17.992,1.4,38.880766666666666,89.2057,55.28,0.2
300446.SZ,航天智造,汽车配件,13.8205,2.7,22.8648,53.22299999999999,6682.330000000001,0.26
300458.SZ,全志科技,半导体,89.2013,39.1,23.762900000000002,198.0809,514.9333333333333,0.45
300505.SZ,川金诺,农药化肥,12.2763,1.6,17.6448,107.96953333333333,97.96333333333335,0.11
300573.SZ,兴齐眼药,化学制药,20.0682,3.8,25.695266666666665,53.35603333333333,53.56333333333333,0.38
300602.SZ,飞荣达,元器件,48.4233,6.5,15.289966666666666,50.0941,379.6466666666667,0.97
300611.SZ,美力科技,汽车配件,39.0189,33.5,22.853033333333332,135.6824,126.91666666666667,0.29
300641.SZ,正丹股份,化工原料,19.2535,32.3,72.81153333333333,7952.933766666666,8393.806666666667,0.0
300680.SZ,隆盛科技,汽车配件,25.7711,7.6,33.563966666666666,51.3965,41.53666666666667,0.5
300681.SZ,英搏尔,汽车配件,26.2999,5.1,27.033433333333335,127.38619999999999,117.64666666666666,0.21
300693.SZ,盛弘股份,电气设备,21.7687,18.6,34.9831,32.559533333333334,33.333333333333336,0.67
300724.SZ,捷佳伟创,专用机械,9.1386,16.1,47.87146666666667,39.97183333333333,39.07666666666667,0.23
300790.SZ,宇瞳光学,元器件,34.184,17.8,22.4507,150.1375,247.52666666666664,0.23
300827.SZ,上能电气,电气设备,29.1775,11.5,41.883199999999995,102.48246666666667,117.81666666666668,0.28
300850.SZ,新强联,机械基件,15.223,2.9,22.614533333333338,362.4862333333333,106.63333333333333,0.04
300893.SZ,松原安全,汽车配件,20.3553,1.2,39.6336,46.63743333333333,45.73333333333333,0.44
300926.SZ,博俊科技,汽车配件,9.6857,2.1,62.300999999999995,81.53320000000001,81.19666666666667,0.12
300953.SZ,震裕科技,电气设备,30.3839,0.2,19.883599999999998,179.00726666666665,850.7733333333334,0.17
300972.SZ,万辰集团,食品,24.5051,12.7,633.0207333333333,179.44283333333337,149.89666666666668,0.14
300975.SZ,商络电子,元器件,30.116,24.0,16.443833333333334,120.5806,136.27,0.25
300986.SZ,志特新材,建筑工程,36.9479,48.0,15.4523,86.38986666666666,50.626666666666665,0.43
301021.SZ,英诺激光,专用机械,121.6267,32.0,17.1282,195.54993333333334,82.93333333333334,0.62
301031.SZ,中熔电气,电气设备,24.9121,0.2,42.46823333333334,50.85060000000001,52.13666666666666,0.49
301061.SZ,匠心家居,家居用品,12.914,14.6,32.197633333333336,38.3172,42.70666666666667,0.34
301109.SZ,军信股份,环境保护,14.6056,49.2,18.985633333333336,23.868133333333333,27.373333333333335,0.61
301155.SZ,海力风电,电气设备,31.1312,25.5,75.4178,152.27606666666665,72.83000000000001,0.2
301219.SZ,腾远钴业,小金属,11.346,1.1,20.3213,60.363466666666675,65.58333333333333,0.19
301338.SZ,凯格精机,专用机械,53.4021,46.5,22.14663333333333,77.67896666666667,102.22333333333331,0.69
301408.SZ,华人健康,医药商业,27.0017,4.7,20.497133333333334,32.6712,36.38333333333333,0.83
600009.SH,上海机场,机场,28.2276,7.2,40.479499999999994,82.56363333333333,80.90516666666666,0.34
600029.SH,南方航空,空运,30.838,38.1,32.4168,99.11916666666666,74.43423333333334,0.31
600054.SH,黄山旅游,旅游景点,28.3998,49.8,50.17466666666667,130.54223333333334,92.72533333333332,0.22
600066.SH,宇通客车,汽车整车,13.0597,5.6,20.081699999999998,65.47063333333334,69.77,0.2
600114.SH,东睦股份,机械基件,30.3784,20.0,27.931399999999996,78.7121,114.77666666666669,0.39
600186.SH,莲花控股,食品,41.4538,17.5,27.469133333333332,54.8097,63.379999999999995,0.76
600301.SH,华锡有色,小金属,31.3832,34.4,25.21526666666667,50.95046666666667,1973.8233333333335,0.62
600415.SH,小商品城,商品城,15.9861,11.7,38.06406666666667,64.62086666666667,30.400000000000002,0.25
600547.SH,山东黄金,黄金,25.1995,3.5,27.80763333333333,57.98063333333334,57.17666666666667,0.43
600550.SH,保变电气,电气设备,95.9207,3.4,25.919533333333334,118.62523333333333,70.08356666666667,0.81
600576.SH,祥源文旅,旅游景点,57.9923,40.8,36.72056666666666,182.33316666666667,246.29510000000002,0.32
600660.SH,福耀玻璃,汽车配件,17.3226,8.6,17.222966666666665,27.197266666666668,26.956666666666667,0.64
600685.SH,中船防务,船舶,30.9361,2.6,17.4189,253.0329,6465.7474,0.12
600897.SH,厦门空港,机场,12.1767,4.1,29.869799999999998,400.56543333333326,212.2755333333333,0.03
600933.SH,爱柯迪,汽车配件,12.362,1.9,20.9333,22.7958,24.169999999999998,0.54
600988.SH,赤峰黄金,黄金,20.958,10.1,26.748900000000003,90.79243333333334,97.37333333333333,0.23
600989.SH,宝丰能源,化工原料,13.5828,12.6,20.44373333333333,26.969399999999997,24.14,0.5
601020.SH,华钰矿业,铅锌,18.7063,1.2,55.986066666666666,145.55166666666665,89.92333333333333,0.13
601127.SH,赛力斯,汽车整车,18.1838,5.8,107.94316666666668,126.3252,65.24853333333333,0.14
601799.SH,星宇股份,汽车配件,17.1015,1.9,22.896500000000003,20.057666666666666,24.866666666666664,0.85
601816.SH,京沪高铁,铁路,18.7998,8.5,38.72443333333334,705.7949,673.03,0.03
603045.SH,福达合金,小金属,21.5565,0.3,35.57236666666667,53.39316666666667,245.14666666666665,0.4
603055.SH,台华新材,纺织,15.3359,28.6,18.9482,33.9837,36.446666666666665,0.45
603087.SH,甘李药业,生物制药,40.127,38.7,34.04750000000001,114.72353333333335,96.27113333333334,0.35
603162.SH,海通发展,水运,16.6003,11.9,52.47186666666667,55.363800000000005,56.803333333333335,0.3
603166.SH,福达股份,汽车配件,21.2721,3.9,20.556633333333334,69.22553333333333,106.15000000000002,0.31
603173.SH,福斯达,机械基件,12.7338,1.1,16.88423333333333,44.21126666666667,47.19,0.29
603236.SH,移远通信,通信设备,23.8038,3.3,20.793533333333333,168.45633333333333,3080.1133333333332,0.14
603268.SH,松发股份,船舶,42.3993,27.1,94.79876666666667,382.9835333333333,919.8705333333332,0.11
603379.SH,三美股份,化工原料,16.9919,1.8,36.9281,169.2977,201.33333333333334,0.1
603530.SH,神马电力,电气设备,39.3527,14.5,32.74406666666667,119.17540000000001,157.15,0.33
603596.SH,伯特利,汽车配件,17.9361,2.1,29.595566666666667,23.830933333333334,25.52,0.75
603605.SH,珀莱雅,日用化工,16.4632,5.6,19.605133333333335,24.18626666666667,25.09333333333333,0.68
603629.SH,利通电子,元器件,65.8848,42.1,19.781833333333335,336.9383666666667,1264.4566666666667,0.2
603733.SH,仙鹤股份,造纸,15.6011,24.4,20.1206,34.44283333333333,20.563333333333333,0.45
603766.SH,隆鑫通用,摩托车,18.7368,36.1,15.927033333333334,49.93026666666666,51.79,0.38
603786.SH,科博达,汽车配件,21.7829,1.7,26.503933333333332,24.8017,23.13333333333333,0.88
603871.SH,嘉友国际,仓储物流,14.7457,40.9,21.8917,21.622866666666667,21.616666666666664,0.68
603885.SH,吉祥航空,空运,21.1519,11.0,52.17993333333334,49.77956666666666,46.562466666666666,0.42
603893.SH,瑞芯微,半导体,68.5663,19.4,30.819133333333337,120.39573333333334,128.94333333333336,0.57
603979.SH,金诚信,铜,18.3899,24.2,37.95336666666667,49.636599999999994,49.44,0.37
605016.SH,百龙创园,食品,22.612,2.5,24.220033333333333,35.1135,37.78333333333333,0.64
605056.SH,咸亨国际,电器仪表,20.8712,0.8,29.165233333333333,31.276966666666663,11.806666666666665,0.67
605098.SH,行动教育,文教休闲,21.0965,46.4,23.056366666666662,46.48593333333334,47.92333333333334,0.45
605116.SH,奥锐特,化学制药,20.1379,2.1,16.2668,23.929066666666667,30.97666666666667,0.84
605117.SH,德业股份,电气设备,28.5134,46.0,28.165133333333333,30.14356666666667,26.753333333333334,0.95
605128.SH,上海沿浦,汽车配件,35.9063,28.3,30.518633333333337,62.186699999999995,89.00666666666666,0.58
605305.SH,中际联合,工程机械,14.7915,1.8,33.46416666666667,51.332166666666666,58.97333333333333,0.29
605319.SH,无锡振华,汽车配件,16.9018,18.9,16.4829,43.544933333333326,110.19666666666666,0.39
605333.SH,沪光股份,汽车配件,19.366,10.7,42.36750000000001,381.0354666666667,514.4233333333333,0.05
605499.SH,东鹏饮料,软饮料,20.3324,2.4,34.949099999999994,45.8045,47.01,0.44
605599.SH,菜百股份,服饰,10.8731,4.6,28.970433333333332,20.348499999999998,19.32,0.53
688002.SH,睿创微纳,通信设备,45.7262,41.8,33.94846666666667,56.87819999999999,66.26,0.8
688018.SH,乐鑫科技,半导体,42.1708,3.2,26.868366666666663,78.59809999999999,97.98,0.54
688049.SH,炬芯科技,半导体,33.7375,0.7,30.749166666666667,58.93713333333333,87.51333333333332,0.57
688076.SH,ST诺泰,生物制药,27.2392,19.8,45.156533333333336,52.19820000000001,78.23333333333333,0.52
688088.SH,虹软科技,软件服务,50.9502,1.2,20.305466666666668,66.31916666666666,355.1033333333333,0.77
688091.SH,上海谊众,化学制药,109.5083,49.7,27.663300000000003,247.63346666666666,479.6666666666667,0.44
688093.SH,世华科技,化工原料,18.3856,3.6,34.25253333333333,30.520433333333333,34.89666666666667,0.6
688108.SH,赛诺医疗,医疗保健,95.5252,1.7,42.05466666666667,1078.8131333333333,142.83653333333334,0.09
688117.SH,圣诺生物,生物制药,28.3188,0.7,25.781966666666666,65.29836666666667,81.14999999999999,0.43
688127.SH,蓝特光学,元器件,50.8984,45.7,61.31716666666667,62.05403333333334,160.05666666666664,0.82
688155.SH,先惠技术,电气设备,16.3584,0.8,19.8864,219.2506,263.41433333333333,0.07
688183.SH,生益电子,元器件,46.0809,38.4,46.119400000000006,554.6662666666667,360.5798333333334,0.08
688208.SH,道通科技,IT设备,21.1126,3.2,29.1178,126.42456666666668,123.53000000000002,0.17
688209.SH,英集芯,半导体,44.3665,3.4,23.447100000000002,95.068,188.58333333333334,0.47
688213.SH,思特威,半导体,35.3778,4.2,58.423766666666666,978.2925333333333,21531.597899999997,0.04
688252.SH,天德钰,半导体,33.6441,25.6,26.30883333333333,38.501266666666666,37.973333333333336,0.87
688256.SH,寒武纪,半导体,255.7593,14.1,323.99019999999996,385.7221333333334,208.77203333333333,0.66
688278.SH,特宝生物,生物制药,23.4982,4.2,34.28823333333333,55.70836666666667,48.25,0.42
688313.SH,仕佳光子,通信设备,102.9752,32.6,41.3614,178.61606666666668,190.76666666666668,0.58
688332.SH,中科蓝讯,半导体,10.62,2.5,20.314333333333334,156.5108,30.323333333333338,0.07
688336.SH,三生国健,生物制药,12.2933,2.2,97.45233333333333,316.09156666666667,28716.403333333335,0.04
688351.SH,微电生理,医疗保健,149.5731,8.1,21.46526666666667,299.54386666666664,89.1186,0.5
688380.SH,中微半导,半导体,46.9117,18.9,20.9686,231.37653333333333,35.48366666666667,0.2
688386.SH,泛亚微透,化工原料,49.0814,35.1,26.145366666666664,66.71863333333333,77.55333333333333,0.74
688428.SH,诺诚健华,生物制药,64.0962,41.4,102.40589999999999,173.93639999999996,160.35886666666667,0.37
688510.SH,航亚科技,航空,59.1919,43.4,26.123100000000004,123.47989999999999,152.52666666666667,0.48
688578.SH,艾力斯,化学制药,20.7235,13.7,92.41090000000001,189.53623333333334,278.9166666666667,0.11
688608.SH,恒玄科技,半导体,59.5773,28.3,34.843333333333334,100.81856666666668,482.16666666666674,0.59
688612.SH,威迈斯,汽车配件,21.2662,18.2,19.665499999999998,29.880499999999998,33.156666666666666,0.71
688789.SH,宏华数科,专用机械,18.1344,0.9,37.184866666666665,29.573700000000002,26.96666666666667,0.61
920982.BJ,锦波生物,医疗保健,24.523,3.4,65.15136666666668,102.64,106.46666666666668,0.24
689009.SH,九号公司,摩托车,21.6154,12.7,29.9093,58.65676666666667,76.42,0.37
