ts_code,name,industry,mode,pe_ttm,pe_pct,rev_avg,profit_avg,deducted_avg,peg,is_burst
000423.SZ,东阿阿胶,中成药,value,19.755,14.3,17.020133333333334,31.499966666666666,33.830000000000005,0.63,
000426.SZ,兴业银锡,铅锌,value,21.1674,23.4,40.995666666666665,175.54536666666664,157.48333333333335,0.12,
000791.SZ,甘肃能源,水力发电,value,12.2884,21.0,19.3648,45.89816666666667,99.17999999999999,0.27,
000951.SZ,中国重汽,汽车整车,value,14.9894,43.6,27.0887,151.68593333333334,169.61999999999998,0.1,
000975.SZ,山金国际,黄金,value,17.6546,4.5,30.057366666666667,38.7035,43.693333333333335,0.46,
001309.SZ,德明利,半导体,burst,21.3324,4.3,114.65253333333332,445.23019999999997,691.3233333333334,0.05,True
002074.SZ,国轩高科,电气设备,value,22.4898,10.7,25.478033333333332,109.10916666666667,104.30000000000001,0.21,
002155.SZ,湖南黄金,黄金,value,20.5681,1.4,36.824333333333335,53.35176666666666,56.776666666666664,0.39,
002273.SZ,水晶光电,元器件,value,29.3506,24.9,16.683133333333334,29.854966666666666,31.613333333333333,0.98,
002468.SZ,申通快递,仓储物流,value,13.5649,3.6,18.2155,85.0871,82.21000000000001,0.16,
002602.SZ,世纪华通,互联网,burst,15.8851,12.4,51.19486666666666,200.42976666666667,213.20666666666668,0.08,True
002716.SZ,湖南白银,小金属,burst,48.2256,31.9,54.296699999999994,103.2759,126.21,0.47,True
002920.SZ,德赛西威,汽车配件,value,23.6516,3.1,30.219000000000005,27.523600000000002,32.693333333333335,0.86,
300001.SZ,特锐德,电气设备,value,29.6284,22.4,16.4614,67.55823333333332,98.12333333333333,0.44,
300458.SZ,全志科技,半导体,value,89.2013,39.1,23.762900000000002,198.0809,514.9333333333333,0.45,
300476.SZ,胜宏科技,元器件,burst,39.9854,64.6,38.554700000000004,110.12833333333333,112.41000000000001,0.36,True
300502.SZ,新易盛,通信设备,burst,51.4115,65.0,120.00229999999999,174.7758666666667,180.00666666666666,0.29,True
300953.SZ,震裕科技,电气设备,value,30.3839,0.2,19.883599999999998,179.00726666666665,850.7733333333334,0.17,
300972.SZ,万辰集团,食品,burst,24.5051,12.7,633.0207333333333,179.44283333333337,149.89666666666668,0.14,True
600009.SH,上海机场,机场,value,28.2276,7.2,40.479499999999994,82.56363333333333,80.90516666666666,0.34,
600029.SH,南方航空,空运,value,30.838,38.1,32.4168,99.11916666666666,74.43423333333334,0.31,
600066.SH,宇通客车,汽车整车,value,13.0597,5.6,20.081699999999998,65.47063333333334,69.77,0.2,
600301.SH,华锡有色,小金属,value,31.3832,34.4,25.21526666666667,50.95046666666667,1973.8233333333335,0.62,
600415.SH,小商品城,商品城,value,15.9861,11.7,38.06406666666667,64.62086666666667,30.400000000000002,0.25,
600547.SH,山东黄金,黄金,value,25.1995,3.5,27.80763333333333,57.98063333333334,57.17666666666667,0.43,
600550.SH,保变电气,电气设备,value,95.9207,3.4,25.919533333333334,118.62523333333333,70.08356666666667,0.81,
600660.SH,福耀玻璃,汽车配件,value,17.3226,8.6,17.222966666666665,27.197266666666668,26.956666666666667,0.64,
600685.SH,中船防务,船舶,value,30.9361,2.6,17.4189,253.0329,6465.7474,0.12,
600988.SH,赤峰黄金,黄金,value,20.958,10.1,26.748900000000003,90.79243333333334,97.37333333333333,0.23,
600989.SH,宝丰能源,化工原料,value,13.5828,12.6,20.44373333333333,26.969399999999997,24.14,0.5,
601127.SH,赛力斯,汽车整车,value,18.1838,5.8,107.94316666666668,126.3252,65.24853333333333,0.14,
601799.SH,星宇股份,汽车配件,value,17.1015,1.9,22.896500000000003,20.057666666666666,24.866666666666664,0.85,
601816.SH,京沪高铁,铁路,value,18.7998,8.5,38.72443333333334,705.7949,673.03,0.03,
603087.SH,甘李药业,生物制药,value,40.127,38.7,34.04750000000001,114.72353333333335,96.27113333333334,0.35,
603268.SH,松发股份,船舶,value,42.3993,27.1,94.79876666666667,382.9835333333333,919.8705333333332,0.11,
603379.SH,三美股份,化工原料,burst,16.9919,1.8,36.9281,169.2977,201.33333333333334,0.1,True
603596.SH,伯特利,汽车配件,value,17.9361,2.1,29.595566666666667,23.830933333333334,25.52,0.75,
603605.SH,珀莱雅,日用化工,value,16.4632,5.6,19.605133333333335,24.18626666666667,25.09333333333333,0.68,
603629.SH,利通电子,元器件,value,65.8848,42.1,19.781833333333335,336.9383666666667,1264.4566666666667,0.2,
603766.SH,隆鑫通用,摩托车,value,18.7368,36.1,15.927033333333334,49.93026666666666,51.79,0.38,
603885.SH,吉祥航空,空运,value,21.1519,11.0,52.17993333333334,49.77956666666666,46.562466666666666,0.42,
603979.SH,金诚信,铜,value,18.3899,24.2,37.95336666666667,49.636599999999994,49.44,0.37,
605117.SH,德业股份,电气设备,value,28.5134,46.0,28.165133333333333,30.14356666666667,26.753333333333334,0.95,
605499.SH,东鹏饮料,软饮料,value,20.3324,2.4,34.949099999999994,45.8045,47.01,0.44,
688002.SH,睿创微纳,通信设备,value,45.7262,41.8,33.94846666666667,56.87819999999999,66.26,0.8,
688018.SH,乐鑫科技,半导体,value,42.1708,3.2,26.868366666666663,78.59809999999999,97.98,0.54,
688127.SH,蓝特光学,元器件,value,50.8984,45.7,61.31716666666667,62.05403333333334,160.05666666666664,0.82,
688183.SH,生益电子,元器件,burst,46.0809,38.4,46.119400000000006,554.6662666666667,360.5798333333334,0.08,True
688213.SH,思特威,半导体,burst,35.3778,4.2,58.423766666666666,978.2925333333333,21531.597899999997,0.04,True
688278.SH,特宝生物,生物制药,value,23.4982,4.2,34.28823333333333,55.70836666666667,48.25,0.42,
688336.SH,三生国健,生物制药,value,12.2933,2.2,97.45233333333333,316.09156666666667,28716.403333333335,0.04,
688578.SH,艾力斯,化学制药,value,20.7235,13.7,92.41090000000001,189.53623333333334,278.9166666666667,0.11,
688608.SH,恒玄科技,半导体,value,59.5773,28.3,34.843333333333334,100.81856666666668,482.16666666666674,0.59,
689009.SH,九号公司,摩托车,burst,21.6154,12.7,29.9093,58.65676666666667,76.42,0.37,True
